{"cameraMode":{"drawMode":0,"name":"Shaded","section":"Shading Mode"},"sceneLighting":true,"audioPlay":false,"sceneViewState":{"showFog":true,"showMaterialUpdate":false,"showSkybox":true,"showFlares":true,"showImageEffects":true,"showParticleSystems":true},"in2DMode":false,"pivot":{"x":-3.7061052322387697,"y":-1.9378700256347657,"z":8.24817180633545},"rotation":{"x":-0.16607263684272767,"y":0.771090030670166,"z":-0.2236597090959549,"w":-0.5725525617599487},"size":21.181604385375978,"orthographic":false}